{
  "flavours": [
    {
      "name": "RaspPiOS_lite_shng",
      "description": "A port of Debian with no desktop environment with SmartHomeNG and smartVISU",
      "url": "http://www.smarthomeng.de/"
    },
    {
      "name": "RaspPiOS_lite_shng_dev",
      "description": "A port of Debian with no desktop environment with SmartHomeNG (develop) and smartVISU (master)",
      "url": "http://www.smarthomeng.de/"
    },
    {
      "name": "RaspPiOS_lite_shng_dev_dev",
      "description": "A port of Debian with no desktop environment with SmartHomeNG (develop) and smartVISU (develop)",
      "url": "http://www.smarthomeng.de/"
    },
    {
      "name": "RaspPiOS_lite_unchanged",
      "description": "A port of Debian with no desktop environment"
    }  
  ]
}