{
    "partitions": [
        {
            "filesystem_type": "FAT",
            "label": "boot",
            "mkfs_options": "-F 32",
            "partition_size_nominal": 256,
            "uncompressed_tarball_size": 52,
            "want_maximised": false,
            "sha256sum": "6641821bdb43b6707f70539ca4d557a84f9c21959d94a8f862154198ae9f02a1"
        },
        {
            "filesystem_type": "ext4",
            "label": "root",
            "mkfs_options": "-O ^huge_file",
            "partition_size_nominal": 1420,
            "uncompressed_tarball_size": 1020,
            "want_maximised": true,
            "sha256sum": "82b1b0be78da7ef30b122d0d349a12a53252e12e691aa988521ee397d1f4ba51"
        }
    ]
}
